{
  "$schema": "https://raw.githubusercontent.com/JanDeDobbeleer/oh-my-posh/main/themes/schema.json",
  "blocks": [
    {
      "alignment": "left",
      "segments": [
        {
          "foreground": "#98C379",
          "style": "plain",
          "template": "\u279c",
          "type": "text"
        },
        {
          "foreground": "#56B6C2",
          "properties": {
            "style": "folder"
          },
          "style": "plain",
          "template": " {{ .Path }} ",
          "type": "path"
        },
        {
          "foreground": "#D0666F",
          "properties": {
            "branch_icon": ""
          },
          "style": "plain",
          "template": "<#5FAAE8>git:(</>{{ .HEAD }}<#5FAAE8>)</>",
          "type": "git"
        },
        {
          "foreground": "#BF616A",
          "style": "plain",
          "template": " \u2717",
          "type": "status"
        }
      ],
      "type": "prompt"
    }
  ],
  "final_space": true,
  "version": 3
}
